"SNP","beta1","se1","beta2","se2","beta3","se3","beta4","se4","beta5","se5","beta6","se6","beta7","se7","beta8","se8","beta9","se9","beta10","se10"
"rs1",-0.130038434,0.254176789,-0.03113586,0.221255464,-0.053620278,0.01327538,0.002045678,0.048644692,0.03021156,0.055455841,0.009569592,0.156268784,-0.064235739,0.004328735,0.162704169,0.102777545,-0.123649321,0.083071098,-0.120368574,0.028471591
"rs2",0.025329665,0.05953146,0.094984773,0.259135299,-0.017462805,0.0657559,0.139683809,0.103358459,-0.009474255,0.058476847,0.148699076,0.044744896,0.024854012,0.198475879,-0.008807227,0.114397025,-0.028783261,0.097301336,-0.021493629,0.021247445
"rs3",-0.132926675,0.079431664,-0.01008092,0.127826543,0.120050329,0.006309623,0.257541372,0.05078541,-0.060490679,0.014855685,-0.024925802,0.143734777,-0.073404349,0.015781516,-0.046520224,0.021112892,0.282799137,0.025667209,-0.032234102,0.017709227
"rs4",-0.016068765,0.037707875,-0.005926843,0.17188058,0.091646644,0.081826242,-0.035175821,0.090651444,0.102146004,0.111396374,0.037053928,0.074637827,0.051708892,0.162767135,-0.134461505,0.13510536,0.160800286,0.019887783,-0.046850272,0.124236169
"rs5",-0.188778148,0.03808183,0.143495911,0.063409533,-0.124269812,0.004617207,-0.118764133,0.140473733,0.005410846,0.146051135,-0.085800716,0.12952332,-0.174900141,0.032887896,-0.128569801,0.091306455,0.01265016,0.029722561,0.005424831,0.094352198
"rs6",-0.013348258,0.016933615,0.083230802,0.068750722,-0.170743971,0.21140277,0.070297503,0.061878727,0.081461439,0.005599278,-0.063021812,0.00158412,-0.028714397,0.119713755,0.13887252,0.032219974,0.060020402,0.188605809,-0.103656814,0.006590625
"rs7",0.146476295,0.086488333,0.175731749,0.046903706,-0.137985942,0.175047917,0.331694335,0.005854523,-0.044523218,0.078166174,0.027854116,0.195014139,-0.13388581,0.058597982,0.135892853,0.037641531,-0.02500851,0.025026396,0.029335886,0.099772334
"rs8",-0.009334052,NA,-0.0110904,0.064315073,0.03928729,0.0067854,0.085539391,0.077809128,0.01028998,0.076358101,-0.044394145,0.051312494,-0.034460142,0.041950084,0.057343074,0.148365748,-0.050969961,0.115858886,0.116425667,0.090105284
"rs9",0.080724658,0.014248474,-0.013498654,0.039577558,0.067491148,0.000882512,0.13882852,0.028130944,0.038384241,0.147091799,-0.012552668,0.066939176,-0.001823441,0.090898961,-0.024913748,0.096091304,0.010833819,0.088758993,0.000457364,0.184136774
"rs10",0.165632776,0.144434047,0.084463341,0.121768306,0.003283431,0.127501965,0.064279341,0.192947156,0.076070361,0.055248529,0.022514965,0.051852175,-0.120095756,0.119128563,0.03086717,0.022493881,0.072690511,0.104261399,-0.185266075,0.102461311
"rs11",-0.103263503,0.128644679,-0.098978072,0.10256312,-0.007702223,0.055967874,0.100578909,0.083302668,0.067253191,0.085640532,0.074138225,0.115218022,0.111307331,0.067542612,0.144514824,0.060700857,NA,0.096790789,-0.096251871,0.093267406
"rs12",-0.161968323,0.007197114,0.162954948,0.035586958,-0.217695943,0.140424171,0.103621168,0.050587545,-0.023665149,0.033337829,-0.074144692,0,0.008429778,0.060502232,-0.10635424,0.134064668,0,0.003757578,0.044721609,0.045876967
"rs13",0.115447364,0.015693042,-0.095308968,0.014723011,0.066491861,0.068725749,0.052062885,0.136189891,-0.050467147,0.120883536,-0.003752953,0.144697873,0.042147093,0.006116084,0.031420252,0.094147544,-0.072850539,0.025422252,0.096629878,0.155795171
"rs14",0.044549275,0.05997273,0.226328345,0.229292419,-0.046925297,0.04003197,0.094279987,0.009345693,-0.218805312,0.184616139,0.143795029,0.018462152,-0.049395366,0.049198967,0.225643068,0.077366165,0.093575455,0.072575004,0.056248915,0.252978868
"rs15",0.180920255,0.045663057,-0.022367649,0.017300798,-0.061509615,0.006161057,-0.118664664,0.085629083,-0.130921452,0.087072411,0.047188263,0.065403042,-0.017452434,0.025248971,0.125260415,0.06883221,-0.073552865,0.10914181,-0.032034937,0.244260275
"rs16",-0.213226263,0.041136874,0.148564492,0.047677917,-0.027972464,0.064224621,0.077337573,0.017042136,0.102042424,0.109546274,-0.156550892,0.196321574,-0.040584421,0.096966318,-0.079121403,NA,0.023570389,0.003247149,-0.153385401,0.062779141
"rs17",0.098977787,0.012883723,-0.129492162,0.023124435,-0.045762109,0.068588222,-0.120992981,0.022750632,0.044973149,0.069508833,0.074966947,0.102429404,-0.036155065,0.011467007,-0.018258423,0.078860245,0.030408465,0.00320591,-0.1287766,0.00641028
"rs18",0.03714737,0.017244583,0.006842953,0.07701038,0.158151163,0.173272886,-0.063670307,0.033985037,-0.128418483,0.026987385,0.269914885,0.007908784,0.170299525,0.054133905,-0.042545276,0.110259189,-0.043137647,0.054567406,-0.037073912,0.052465449
"rs19",-0.123495946,0.197462856,0.013525476,0.091190311,-0.003098995,0.096234252,0.084712033,0.156602891,-0.004587029,0.08045556,0.134674066,0.121817646,0.077443928,0.073645887,NA,0.031685834,0.076515222,0.075327362,-0.073156548,0.011754903
"rs20",0.092605829,0.055623529,-0.019120875,0.078088366,0.21560737,0.112071007,-0.097534738,0.13129732,NA,0.123241179,-0.026074895,0.104614682,-0.075887657,0.049900064,-0.129480642,0.026785892,-0.068848396,0.069630251,0.024364095,0.068986835
"rs21",-0.030759173,0.018878495,-0.020125885,0.135590543,0.139287555,0.068104052,0.077086001,0.113129005,0.073157403,0.063268154,-0.091938144,0.046779708,0.104457977,0.021024494,-0.008872077,0.087605014,0.047309217,0.028938539,-0.04848392,0.063499546
"rs22",-0.203123129,0.078030778,0.022381821,0.079653462,0.035875618,0.001087926,0.008199149,0.007733508,-0.063689078,0.053987618,-0.000815323,0.004767541,-0.023435471,0.124126611,0.111217689,0.04641404,0.002505661,0.062676928,-0.062216412,0.180132155
"rs23",0.062272564,0.017643123,-0.005797014,0.004134844,0.119212579,0.071302083,0.071186215,0.028746218,0.118171916,0.002994098,0.066098977,0.233388651,0.011016584,0.267020183,-0.074579754,0.043346928,-0.059601595,0.027849043,-0.043735903,0.062126253
"rs24",0.210232437,0.175823133,-0.037493653,0.075676174,-0.033403397,0.109062866,-0.143093366,0.018552435,0.04117477,0.051004572,0.041666914,0.06438737,-0.030945921,0.029840308,0.014077987,0.128377968,0.024903469,0.011702835,0.216430413,0.035690098
"rs25",0.091430671,0.066070772,0.25172743,0.081399628,-0.048170282,0.039290217,-0.072019178,0.038551498,-0.066852183,0.078179552,-0.108480687,0.064268185,0.225488693,0.146829112,0.098708455,0.024980202,-0.062971099,0.091265953,0.039994262,0.179404979
"rs26",0.042185288,0.014285527,-0.026488552,0.151657302,0.01031173,0.044277588,0.176359694,0.00147589,0.05979984,0.10701282,0.059138906,0.020748264,-0.127792202,0.273189659,0.171420357,0.018628593,-0.072314539,0.025552072,-0.138139607,0
"rs27",-0.058680731,0.029593322,-0.061718571,0.192428186,0.082463433,0.036232201,0.117011203,0.146251161,0.054223412,0.069871283,-0.107662944,0.015615904,0.122253956,0.01585095,0.073732427,0.031812753,0.043099212,0.231643395,-0.059814218,0.118282775
"rs28",0.061176893,0.019496396,-0.123394298,0.066517867,0.06990229,0.013968146,-0.067994611,0.097658015,0.064504396,0.155295687,0.166260485,0.059948545,0.244317441,0.156259798,0.048055591,0.041961373,-0.169474469,0.050976143,-0.219323082,0.029694533
"rs29",-0.126143318,0.148681004,-0.014954402,0.009817778,-0.183440096,0.115238397,0.02358264,0.037313349,0.011894782,0.017466106,0.063152621,0.133554599,-0.045754814,0.219829113,0.069832497,0.140726131,-0.016569647,0.015707096,-0.096982276,0.029362201
"rs30",0.114666679,0.122930708,-0.165922637,0.019162147,-0.084158731,0.033947462,0.288755453,0.032128094,0.036304836,0.097935655,-0.046731901,0.010795753,0.036391136,0.027661597,0.121514271,0.139286716,-0.082073185,0.058663772,0.025585224,0.069613032
"rs31",-0.099592922,0.065088853,0.10637968,0.022588166,0.178860948,0.036252608,0.138916186,0.017327346,-0.073886277,0.074435867,0.025595659,0.160536474,0.05324528,0.114319186,-0.152652433,0.038285047,0.011598583,0.120102771,-0.095980314,0.11991401
"rs32",0.051536879,0.001798442,0.042773526,0.277200871,0.011120252,0.112496364,0.004229156,NA,-0.127812281,0.005339349,-0.099163784,0.015225126,0.156395831,0.035998479,-0.027537267,0.060063205,0.02124047,0.214742261,0.11507525,0.094844493
"rs33",0.043658828,0.292294107,-0.049234038,0.017652912,-0.075004718,0.117913053,-0.055162217,0.181348771,0.030988205,0.010145679,0.079064221,0.066153949,0.205619074,0.053899864,0.048577641,0.076180488,-0.218842068,0.028156607,NA,NA
"rs34",0.166733897,0.056485329,-0.074282622,0.009950232,-0.119298312,0.142482313,-0.049426297,0.082565671,0.055295061,0.026246057,-0.003754606,0.007271519,0.159350776,0.002186175,0.043788482,0.072041033,0.045342543,0.033139127,0.175806862,0.006888743
"rs35",0.026960655,0.099666168,0.054399827,0.027776048,0.020672678,0.088247894,-0.059347298,0.025537979,0.176941692,0.107164717,0.030933934,0.179141277,-0.025073145,0.084282914,0.11858121,0,0,0.048886751,0.126289827,0.043650495
"rs36",-0.175957677,0.119701472,0.0187478,0.020756656,-0.188804525,0.238898428,0.055894899,0.088434619,-0.075906856,0.15718208,-0.126873586,0.003518834,0.194631657,0.092658278,0.000596108,0.00040326,0.129029198,0.029573606,0.088037747,0.120816864
"rs37",0.138525895,0.143130088,-0.114791126,0.029320504,-0.030551911,0.065349677,0.074418047,0.080184257,-0.151016989,NA,0.302801617,0.068971622,-0.07220133,0.18072316,-0.047310468,0.027202531,0.009060654,0.186083489,0.034731147,0.051855067
"rs38",0.054520695,0.128771456,-0.065053962,0.020151719,-0.066642864,0.164677278,0.090566707,0.070261977,0.045673506,NA,0.130462016,0.031872932,0.015739269,0.177472246,-0.010326262,0.109438137,-0.145565086,0.090703431,-0.071537381,0.063721296
"rs39",-0.228566786,0.143349945,-0.052862456,0.112836271,0.000100448,0.097616968,0.023257695,0.135224005,-0.076875615,NA,0.018715418,0.050148914,-0.064263458,0.349615339,0.12649161,0.009884069,0.041375963,0.051605322,0.042685947,0.041039266
"rs40",-0.070726683,0.001775475,-0.035511181,0.194571112,-0.107658311,0.100526039,0.019966146,0.056806886,0.007242436,0.191008573,0.066303759,0.124825989,0.104376888,0.026821692,-0.230187897,0.029901727,0.001128251,0.033496202,0.110562313,0.030726828
"rs41",NA,0.26538417,0.069296024,0.088016188,0.079855707,0.097398441,0.009482435,0.086786335,0.120951691,0.156656659,0.088977505,0.043771977,-0.091116529,0.014546889,-0.098870184,0.189803492,-0.059275773,0.004058032,0.13313728,0.016722795
"rs42",-0.028222955,0.07560812,0.063212335,0.115824862,0.060100784,0.058686915,0.111688837,0.030971416,0,0.004223869,0.073185742,0.015847592,-0.063281378,0.018200933,-0.032443743,0.034944985,-0.232312243,0.047434595,-0.099938404,0.012285911
"rs43",-0.016542678,0.147450986,-0.05851733,0.124868302,-0.082438431,0.066584363,0.153867603,0.1084703,0.049820159,0.089831593,0.152589143,0.039495951,0.003242153,0.001220243,0.084630598,0.017401128,0.076025704,0.025824795,-0.0950535,0.054046341
"rs44",0.011378916,0.109544882,0.163429342,0.013470038,-0.14872465,0.09647741,-0.011464779,0.069083048,-0.02342632,0.065823723,0.014863587,0.19352864,-0.083924556,0.006515854,-0.099964983,0.188175195,0.109088603,0.035918536,-0.060026835,0.069877037
"rs45",-0.032031778,0.120358646,0.079465896,0.095285053,-0.101080683,0.020437961,-0.193652796,0.03924884,-0.058195856,0.071233094,0.200030976,0.050027601,-0.186537751,0.083885963,0.062962336,0.126815353,-0.175604244,0.133609028,-0.152315187,0.045340342
"rs46",0.056602707,0.178609198,-0.050618717,0.056998369,0.148154036,0.00890502,0.035155939,0.170748546,0.248491013,0.087548718,0.011795174,0.082072443,0.04999144,0.094639374,0.078418341,0.049921653,-0.130307387,0.053006618,-0.125889327,0.106230963
"rs47",0.189008451,0.005744137,-0.024683379,0.042799691,0.017676796,0.006514618,0.097230955,0.09677827,0.03533356,0.061702171,0.014518401,0.020655397,0.116481201,0.105999616,-0.035757981,0.01023119,0.088840492,0.032369886,0.005902362,0.008038628
"rs48",0.113885121,0.004002031,0.051419831,0.115223605,0.069321266,0.109655461,-0.029657793,0.091252594,0.048371316,0.065381436,-0.15099897,0.093578999,0.154121672,0.027910908,0.074860547,0.093293796,-0.096654399,0.065241257,0.058592967,0.008168325
"rs49",0.06207955,0.017235134,-0.013844438,0.201691826,NA,0.001942664,0.072643936,0.16441074,0.013971998,0.015504669,0.00325418,0.135278908,-0.047751521,0.079161968,-0.18145891,0,-0.15869607,0.011687587,-0.13766456,0.036954877
"rs50",-0.024472605,0.070565788,0.063360106,0.13198521,0.014333338,0.064238913,-0.087979045,0.013263005,0.174326784,0.062348278,0.196101748,0.015396669,-0.036182188,0.012039663,0.118795826,0.006112002,-0.094292161,0.150446565,0.055967028,0.099944218
"rs51",0.17788774,0.089938836,0.067340699,0.008592617,-0.026851889,0.189517078,-0.133483851,0.122399897,-0.072873873,0.181145467,-0.069462134,0.1016096,0.117146355,0.078452028,0.14148908,0.059073874,-0.053335795,0.054526024,0.027089764,0.072556925
"rs52",0.189375102,0.054772785,0.078339127,0.051261491,0.00508147,0.03658103,0.145474644,0,-0.117367643,0.086446071,-0.063591873,0.013108354,0.060036582,0.010430944,0.109003297,0.076450157,0.105383121,0.141795891,-0.031518117,0.01026861
"rs53",0.054739677,0.03044891,-0.154858226,0.001642088,0.087728588,0.231242387,-0.003437879,0.004573636,-0.080263245,0.097097791,0.171197067,0.031169862,-0.074750397,0.088830165,-0.054423063,0.025820179,0.135932669,0.124826014,0.059860559,0.161389885
"rs54",-0.068726687,0.102502463,0.120418395,0.003350647,0.003537923,0.119055619,-0.022766687,0.041319358,0.109867516,0.04997659,0.04362741,0.003455817,0.189987376,0.071058109,-0.032266891,0.080815957,-0.081713973,0.110552109,-0.029246879,0.077429211
"rs55",-0.085196415,0.049083977,0.08992391,0.063969706,-0.156175855,0.179574713,0.04081748,0.04795263,0.014117571,0.171527939,0.000659994,0.02949664,0.068812701,0.038381622,-0.047726724,0.128886903,-0.079616574,NA,-0.010741116,0.061295476
"rs56",-0.250059494,0.045034039,0.268309954,0.162920572,0.081838805,0.225630081,0.166909256,0.007393706,-0.027205932,0.195956216,0.013207668,0.065541002,0.066865155,0.078042747,-0.186007516,0.126987159,-0.054310348,0.035841221,-0.010044749,0.118242992
"rs57",0.063987917,0.017209327,0.150543072,0.024527166,0.100131192,0.060745768,0.054776368,0.031257008,0.303260934,0.09002283,0.072860645,0.048921896,0.057942599,0.026538857,0.070733847,0.052714911,-0.057065816,0.022110802,0.179651384,0.021496816
"rs58",0.188325754,0.074438467,-0.030621584,0.000145289,-0.029065467,0.216876969,0.071126387,0.1984916,0.065344403,0.103449765,0.09717443,0.105329525,0.088584869,0.036599641,0.225628534,0.001867225,-0.109281994,0.098684156,0.075410937,0.096583594
"rs59",0.000272417,0.135007006,0.018494463,0.0361519,0.039404674,0.077945793,0.02500834,0.090972396,0.020249881,0.073633412,0.138313611,0.046012386,-0.045194497,0.123023418,0.044319885,0.077139666,-0.019625514,0.015842351,0.052957157,0.030216971
"rs60",0.176984383,0.006546095,-0.081572469,0.040487413,-0.043005004,0.032140952,-0.110431503,0.060411232,0.001406456,0.031089871,0.141043309,0.036552458,0.057085842,0.201316728,0.134502181,0.00385541,-0.042731858,0.06736113,0.075857066,0.023724476
